{"start": "2015-01-01 00:00:00", "target": [124.5748291015625, 122.6146469116211, 119.9703369140625, 119.1862564086914, 121.7767333984375, 122.30716705322266, 120.25475311279297, 120.5391616821289, 119.7627944946289, 118.81729125976562, 120.79278564453125, 120.64677429199219, 116.9109115600586, 119.4476089477539, 119.81656646728516, 120.19325256347656, 118.12545013427734, 116.49580383300781, 119.51677703857422, 117.84871673583984, 118.88645935058594, 121.81513977050781, 120.65444946289062, 121.38468933105469, 121.3150405883789, 120.56417846679688, 122.73934936523438, 122.46066284179688, 122.7083969116211, 124.1636734008789, 124.59720611572266, 125.54933166503906, 126.86522674560547, 126.679443359375, 126.10664367675781, 127.59288787841797, 126.02923583984375, 124.52751159667969, 125.35576629638672, 124.22563171386719, 124.65135192871094, 123.40506744384766, 124.76746368408203, 122.69290924072266, 124.45012664794922, 122.1588134765625, 121.37699890136719, 122.2904052734375, 119.42627716064453, 121.59371948242188, 121.50084686279297, 123.70699310302734, 123.70699310302734, 126.08343505859375, 127.43809509277344, 126.17628479003906, 123.23479461669922, 124.31075286865234, 124.1636734008789], "dynamic_feat": [[161.30999755859375, 161.27000427246094, 159.6699981689453, 157.1999969482422, 156.24000549316406, 158.4199981689453, 159.0, 157.25999450683594, 154.86000061035156, 156.69000244140625, 153.82000732421875, 156.6999969482422, 153.02999877929688, 151.94000244140625, 155.02999877929688, 158.25999450683594, 154.94000244140625, 154.0, 151.3800048828125, 153.91000366210938, 154.0, 154.75, 157.2100067138672, 157.2899932861328, 157.33999633789062, 156.0, 156.74000549316406, 157.75999450683594, 158.72000122070312, 158.77999877929688, 159.75, 161.86000061035156, 162.0500030517578, 163.63999938964844, 164.22999572753906, 162.49000549316406, 164.94000244140625, 163.74000549316406, 160.8699951171875, 161.94000244140625, 160.27000427246094, 160.5399932861328, 159.86000061035156, 160.19000244140625, 158.1999969482422, 159.60000610351562, 158.57000732421875, 156.27000427246094, 157.4600067138672, 155.0500030517578, 156.1999969482422, 156.85000610351562, 159.6999969482422, 160.9499969482422, 162.77000427246094, 164.7899932861328, 163.0800018310547, 159.27000427246094, 160.7899932861328], [163.30999755859375, 161.27000427246094, 159.9600067138672, 157.1999969482422, 159.0399932861328, 160.33999633789062, 159.25, 159.97000122070312, 156.49000549316406, 156.97000122070312, 157.6300048828125, 157.3300018310547, 154.5, 155.72000122070312, 157.60000610351562, 159.4600067138672, 155.08999633789062, 154.52999877929688, 155.5800018310547, 155.24000549316406, 154.66000366210938, 158.60000610351562, 158.7100067138672, 158.58999633789062, 158.0800018310547, 157.5, 158.55999755859375, 159.08999633789062, 159.5, 160.8000030517578, 161.41000366210938, 162.47000122070312, 164.49000549316406, 164.33999633789062, 164.39999389648438, 164.99000549316406, 164.9600067138672, 164.13999938964844, 162.2899932861328, 161.94000244140625, 161.75, 160.55999755859375, 161.5, 161.44000244140625, 161.14999389648438, 160.22999572753906, 159.13999938964844, 158.72000122070312, 157.52000427246094, 157.08999633789062, 157.2899932861328, 160.6999969482422, 160.9199981689453, 163.0, 165.35000610351562, 164.88999938964844, 163.0800018310547, 161.25, 160.89999389648438], [161.0, 159.19000244140625, 155.1699981689453, 154.02999877929688, 155.5500030517578, 157.25, 155.75999450683594, 155.67999267578125, 153.74000549316406, 154.16000366210938, 153.82000732421875, 154.02999877929688, 151.07000732421875, 151.75999450683594, 154.88999938964844, 155.77000427246094, 152.58999633789062, 151.5500030517578, 149.52000427246094, 153.0399932861328, 151.50999450683594, 154.75, 156.6999969482422, 157.14999389648438, 156.22999572753906, 155.39999389648438, 155.0800018310547, 157.1699981689453, 158.08999633789062, 158.63999938964844, 159.72999572753906, 160.63999938964844, 161.44000244140625, 162.08999633789062, 162.5, 161.50999450683594, 162.5800018310547, 159.77000427246094, 160.16000366210938, 159.80999755859375, 160.0, 158.72000122070312, 159.6999969482422, 158.05999755859375, 158.1999969482422, 157.80999755859375, 155.94000244140625, 156.27000427246094, 153.39999389648438, 154.8000030517578, 155.3699951171875, 155.8000030517578, 158.80999755859375, 160.35000610351562, 162.72999572753906, 162.89999389648438, 159.1999969482422, 158.91000366210938, 159.22999572753906], [5525500, 4880400, 6146700, 4701800, 4236800, 4488300, 4187600, 4377500, 4690300, 4248400, 5756000, 8392800, 11897100, 6120100, 4834800, 7888100, 5659600, 4495900, 8320800, 6563600, 4712200, 5539400, 3678500, 5253600, 3256500, 3057700, 4440600, 3626700, 3333100, 3706900, 2894500, 4358400, 3504400, 3353000, 2714400, 4701600, 4004600, 7110800, 4410000, 5917900, 3234400, 3633600, 3791700, 4540200, 5193900, 4601000, 5709900, 4567300, 6064100, 3749600, 3311700, 5738800, 3878600, 9006400, 5930100, 4346100, 5428900, 4396000, 3477900], [123.53629684448242, 123.67697067260742, 123.48941345214844, 122.99821701049805, 122.70457000732422, 122.49625625610352, 122.04272918701172, 121.7583122253418, 121.43162002563477, 120.9803970336914, 120.60219268798828, 120.4054054260254, 120.099462890625, 120.12559814453125, 119.92958145141601, 119.7181900024414, 119.50525970458985, 119.10092391967774, 119.07632217407226, 118.97946472167969, 118.78883209228516, 118.90566864013672, 119.28002243041992, 119.47373046875, 119.62357788085937, 119.66067047119141, 120.1220603942871, 120.71854629516602, 121.0377082824707, 121.66920394897461, 122.24027862548829, 122.6136978149414, 123.23477554321289, 123.76425094604492, 124.24341125488282, 124.94628219604492, 125.27527084350587, 125.48195571899414, 125.7466926574707, 125.75288848876953, 125.75830307006837, 125.54387664794922, 125.33410034179687, 124.93544692993164, 124.76979522705078, 124.22638778686523, 123.76116409301758, 123.53745346069336, 122.94450454711914, 122.6813133239746, 122.36626281738282, 122.39645538330078, 122.29040832519532, 122.62946090698242, 122.92825775146484, 123.3300048828125, 123.5157844543457, 123.71781921386719, 124.19155883789062], [122.7076457977295, 122.53315124511718, 122.25642356872558, 121.99468154907227, 121.81903343200683, 121.76522521972656, 121.58727188110352, 121.6422348022461, 121.7475471496582, 121.86900024414062, 122.06924476623536, 122.0411880493164, 121.79443817138672, 121.56190757751465, 121.31707572937012, 121.10722312927246, 120.77399444580078, 120.42961807250977, 120.25397109985352, 119.97993087768555, 119.69551239013671, 119.65553703308106, 119.68974266052246, 119.79966430664062, 119.77657966613769, 119.6894302368164, 119.81366004943848, 119.90973510742188, 120.05701522827148, 120.32433433532715, 120.51455535888672, 120.75968322753906, 121.25739898681641, 121.61899070739746, 121.9334945678711, 122.30347633361816, 122.69866561889648, 123.10025100708008, 123.3922004699707, 123.71104621887207, 123.99929084777833, 124.07878723144532, 124.28443794250488, 124.34984893798828, 124.5066032409668, 124.58633499145508, 124.51821746826172, 124.50970458984375, 124.34559860229493, 124.21710090637207, 124.06228294372559, 123.970166015625, 123.8122543334961, 123.78245391845704, 123.84902648925781, 123.77819633483887, 123.63847427368164, 123.62763633728028, 123.56803169250489], [123.88274291992188, 123.8645994567871, 123.78761444091796, 123.69647491455078, 123.66035064697266, 123.60841964721679, 123.51757781982423, 123.41883392333985, 123.30379928588867, 123.17046569824218, 123.10275329589844, 123.0447933959961, 122.90074020385742, 122.79804260253906, 122.68089309692382, 122.57419876098633, 122.44736434936523, 122.27456130981446, 122.14111541748046, 121.97430831909179, 121.86315505981446, 121.81764770507813, 121.76107177734374, 121.71479553222656, 121.64821685791016, 121.57261688232421, 121.53759887695313, 121.49362503051758, 121.46429183959961, 121.44669158935547, 121.40931900024414, 121.39821487426758, 